{"_runtime":3.966283047,"_step":499,"rec_error":0.6556332858926447,"rel_loss":0.00022591276718472025,"C_sparsity":0.7748242383662538,"_timestamp":1.7393117389716365e+09,"_wandb":{"runtime":4}}