{"rec_error":0.8023629305422249,"rel_loss":0.00042294777898328116,"_wandb":{"runtime":7},"C_sparsity":0.8088446399629544,"_timestamp":1.7393129120922847e+09,"_runtime":7.732718041,"_step":499}