{"_runtime":7.868139581,"_step":499,"rec_error":0.8016805770823913,"rel_loss":0.000509717999059134,"_wandb":{"runtime":7},"C_sparsity":0.8061356795554526,"_timestamp":1.7393117019983573e+09}