{"_runtime":4.012879937,"_step":499,"rec_error":0.7166299235164103,"rel_loss":0.00034472816801443216,"_wandb":{"runtime":4},"C_sparsity":0.9058587211248744,"_timestamp":1.739313765548334e+09}