{"_step":499,"iteration":499,"_wandb":{"runtime":7},"loss":559531.5682292006,"_timestamp":1.739296333206552e+09,"_runtime":7.208126541}