{"_wandb":{"runtime":3},"_runtime":3.766503333,"_step":499,"rec_error":0.652441616540672,"rel_loss":0.00020466533020188833,"C_sparsity":0.6925343153665886,"_timestamp":1.7393129434096346e+09}