{"rec_error":0.6657797357609585,"rel_loss":0.000554049429958185,"C_sparsity":0.5711296650236395,"_timestamp":1.7393116304007235e+09,"_runtime":12.063372684,"_step":499,"_wandb":{"runtime":12}}