{"rel_loss":0.0362653280945265,"C_sparsity":1,"_timestamp":1.7393139057431867e+09,"_runtime":2.457625055,"_step":291,"_wandb":{"runtime":2},"rec_error":0.7423931278068678}