{"_timestamp":1.739315653259311e+09,"_wandb":{"runtime":91},"_runtime":91.450421841,"_step":1999,"rec_error":0.709310820495134,"rel_loss":0.0007420605958143596,"C_sparsity":0.5276984370211462}