{"_step":170,"rec_error":0.7999148312860744,"rel_loss":0.0013850605588314909,"C_sparsity":0.6759435054410743,"_wandb":{"runtime":3},"_timestamp":1.739312972958879e+09,"_runtime":3.051071322}