{"rec_error":0.7007055239403303,"rel_loss":0.00016287196145455137,"C_sparsity":0.7930736820470661,"_timestamp":1.73931687351432e+09,"_runtime":26.039407,"_step":1999,"_wandb":{"runtime":26}}