{"_runtime":7.678944028,"_step":499,"_wandb":{"runtime":7},"rec_error":0.8114260076490425,"rel_loss":0.00039784829493749637,"C_sparsity":0.9112641815235007,"_timestamp":1.7393138705046408e+09}