{"_step":1999,"rec_error":0.7836957902890214,"rel_loss":0.0002299935859601839,"C_sparsity":0.8399745311414679,"_timestamp":1.7393170401708016e+09,"_runtime":43.14185913,"_wandb":{"runtime":43}}