{"_runtime":3.841709485,"_step":499,"_wandb":{"runtime":3},"rec_error":0.657717168494927,"rel_loss":0.00024451362026420417,"C_sparsity":0.778439906260462,"_timestamp":1.7393117446256382e+09}