{"_runtime":8.07491033,"_step":499,"rec_error":0.6532299004207891,"rel_loss":0.00045078636538273546,"C_sparsity":0.5558419243986255,"_wandb":{"runtime":8},"_timestamp":1.7393128687884984e+09}