{"_wandb":{"runtime":228},"rec_error":0.6627041103626456,"rel_loss":0.00032726823487642606,"C_sparsity":0.9227244866687098,"_timestamp":1.739319688275712e+09,"_runtime":228.735212151,"_step":1999}