{"loss":135043.6547700659,"_wandb":{"runtime":4},"_timestamp":1.7392964532056534e+09,"_runtime":4.210522305,"_step":499,"iteration":499}