{"iteration":499,"loss":1.177461412084054e+06,"_timestamp":1.7392962111202104e+09,"_runtime":10.684040565,"_step":499,"_wandb":{"runtime":10}}