{"_runtime":15.662254358,"_step":499,"rec_error":0.7539469065727351,"_wandb":{"runtime":15},"rel_loss":0.000399565448773414,"C_sparsity":0.49407293901317806,"_timestamp":1.7393115482353275e+09}