{"_wandb":{"runtime":231},"rec_error":0.6756843993241483,"rel_loss":0.00018519429246544405,"C_sparsity":0.7548850750842783,"_timestamp":1.7393192331792657e+09,"_runtime":231.648460179,"_step":1999}