{"_wandb":{"runtime":7},"_runtime":7.651153451,"_step":499,"rec_error":0.8091088606313774,"rel_loss":0.000445200941556736,"C_sparsity":0.988828432507525,"_timestamp":1.7393137951829526e+09}