{"rec_error":0.7557812947993934,"_wandb":{"runtime":22},"rel_loss":0.00044131340527714846,"C_sparsity":0.5197303095311063,"_timestamp":1.7393135745351987e+09,"_runtime":22.714906996,"_step":499}