{"rec_error":0.6646007181790745,"rel_loss":0.00023205244552450087,"C_sparsity":0.6438399609660893,"_timestamp":1.7393138052093468e+09,"_wandb":{"runtime":4},"_runtime":4.296174733,"_step":499}