{"_wandb":{"runtime":7},"iteration":499,"loss":1.1056709181883936e+06,"_timestamp":1.7392964235095215e+09,"_runtime":7.3862626129999995,"_step":499}