{"_runtime":86.853876683,"_wandb":{"runtime":87},"_step":1999,"rec_error":0.7036943292933094,"rel_loss":0.00024031378340363252,"C_sparsity":0.459613852283175,"_timestamp":1.7393155598953764e+09}