{"loss":276609.33635813656,"_timestamp":1.7392963960594673e+09,"_wandb":{"runtime":3},"_runtime":3.798965673,"_step":499,"iteration":499}