{"rec_error":0.6700300830441032,"rel_loss":3.69034832543784e-05,"C_sparsity":0.6559655981235339,"_wandb":{"runtime":88},"_timestamp":1.7393158602938263e+09,"_runtime":88.143916333,"_step":1999}