{"_runtime":4.360337984,"_step":499,"_wandb":{"runtime":4},"rec_error":0.6981260320322326,"rel_loss":0.0001834220522480955,"C_sparsity":0.5942668943644791,"_timestamp":1.7393117119000812e+09}