{"_runtime":26.447999496,"_step":1999,"_wandb":{"runtime":26},"rec_error":0.6982645359621639,"rel_loss":0.00020438225572780777,"C_sparsity":0.8155174185592436,"_timestamp":1.7393172294706407e+09}