{"_timestamp":1.7393128417721264e+09,"_runtime":10.65527628,"_step":499,"_wandb":{"runtime":10},"rec_error":0.668088160647282,"rel_loss":0.0006456708019600399,"C_sparsity":0.5726184488482045}