{"iteration":499,"loss":244663.99121055173,"_timestamp":1.739296315177402e+09,"_runtime":3.622893689,"_step":499,"_wandb":{"runtime":3}}