{"_step":499,"iteration":499,"loss":607349.7620511891,"_timestamp":1.7392964473033113e+09,"_runtime":4.151483334,"_wandb":{"runtime":4}}