{"rec_error":0.6751286282731978,"rel_loss":0.00016403725662160723,"C_sparsity":0.8331101439571477,"_wandb":{"runtime":3},"_timestamp":1.7393129489575715e+09,"_runtime":3.8442318540000002,"_step":499}