{"rel_loss":0.0002712932493244596,"_wandb":{"runtime":26},"C_sparsity":0.8401603124036584,"_timestamp":1.7393172013270786e+09,"_runtime":26.453826657,"_step":1999,"rec_error":0.7012358583183589}