{"rel_loss":4.517213179593608e-05,"C_sparsity":0.8130677290836653,"_wandb":{"runtime":109},"_timestamp":1.739315764111333e+09,"_runtime":108.977242508,"_step":1999,"rec_error":0.7417350812225728}