{"_step":1999,"rec_error":0.7183687154973564,"_wandb":{"runtime":31},"rel_loss":0.00025552260945241524,"C_sparsity":0.7685581096286771,"_timestamp":1.7393167765595975e+09,"_runtime":31.899264077}