{"_timestamp":1.7392963506772904e+09,"_runtime":6.672759204,"_wandb":{"runtime":6},"_step":499,"iteration":499,"loss":1.8278738443460183e+06}