{"_runtime":26.408575703,"_wandb":{"runtime":26},"_step":1999,"rec_error":0.69688355374542,"rel_loss":0.0002766503284535324,"C_sparsity":0.8659336142225876,"_timestamp":1.7393169080001342e+09}