{"_wandb":{"runtime":4},"rec_error":0.6781184076327023,"rel_loss":0.00028310189881524853,"C_sparsity":0.8575994144913394,"_timestamp":1.739311795269366e+09,"_runtime":4.218348232,"_step":499}