{"_runtime":7.803911446,"_step":499,"_wandb":{"runtime":7},"rec_error":0.7930635746560297,"rel_loss":0.0003608276937242216,"C_sparsity":0.6467353554063441,"_timestamp":1.739313704224583e+09}