{"rec_error":0.6188119172583981,"rel_loss":0.00013309750865176417,"C_sparsity":0.35348710000911665,"_timestamp":1.7393160887782671e+09,"_runtime":67.855848777,"_step":1999,"_wandb":{"runtime":68}}