{"_timestamp":1.7393128588910868e+09,"_runtime":9.420876243,"_step":499,"rec_error":0.6498179618844947,"rel_loss":0.00038654598137384424,"C_sparsity":0.4159302896416298,"_wandb":{"runtime":9}}