{"_timestamp":1.7392962791577208e+09,"_runtime":7.310812775,"_step":499,"iteration":499,"loss":1.528449527095515e+06,"_wandb":{"runtime":7}}