{"_wandb":{"runtime":257},"rel_loss":0.0001436931412966384,"C_sparsity":0.7346981305547042,"_timestamp":1.739318417696756e+09,"_runtime":257.638876865,"_step":1999,"rec_error":0.6523872088444043}