{"_wandb":{"runtime":4},"rec_error":0.6962641994491822,"rel_loss":0.00012685209453450197,"C_sparsity":0.7001951695535497,"_timestamp":1.7393138118165011e+09,"_runtime":4.888695074,"_step":499}