{"_runtime":27.304549959,"_step":1999,"rec_error":0.6948615433491029,"_wandb":{"runtime":27},"rel_loss":0.0001054680396747063,"C_sparsity":0.7608467783372727,"_timestamp":1.7393171731810968e+09}