{"rel_loss":0.00029592509806723423,"C_sparsity":0.6289826787021224,"_timestamp":1.7393137320964193e+09,"_runtime":5.022941833,"_step":499,"rec_error":0.6637590890447451,"_wandb":{"runtime":5}}