{"_wandb":{"runtime":4},"rel_loss":0.00031369948235758483,"C_sparsity":0.738228836301537,"_timestamp":1.7393117179812665e+09,"_runtime":4.417360819,"_step":499,"rec_error":0.7123907403516583}