{"_runtime":3.8799289420000003,"_step":499,"rec_error":0.6520989871177058,"rel_loss":0.00022078162986686822,"C_sparsity":0.6776364245061934,"_timestamp":1.7393117333415139e+09,"_wandb":{"runtime":3}}