{"_timestamp":1.7392964622531257e+09,"_runtime":3.649121132,"_step":499,"_wandb":{"runtime":3},"iteration":499,"loss":243856.77649982992}