{"_timestamp":1.7393127521078436e+09,"_runtime":16.457188821,"_step":499,"_wandb":{"runtime":16},"rec_error":0.7561747866434181,"rel_loss":0.00034293662118572386,"C_sparsity":0.5334967821023597}