{"_runtime":7.009615189,"_step":499,"rec_error":0.7981664027096286,"rel_loss":0.00046760565297195066,"_wandb":{"runtime":7},"C_sparsity":0.6170409817087289,"_timestamp":1.7393138511682794e+09}