{"loss":217992.28194160527,"_timestamp":1.7392962887282555e+09,"_runtime":4.104597401,"_step":499,"_wandb":{"runtime":4},"iteration":499}