{"rec_error":0.7207417516891197,"_wandb":{"runtime":4},"rel_loss":0.000308627659727632,"C_sparsity":0.8638936325933154,"_timestamp":1.7393129341385179e+09,"_runtime":4.317483016,"_step":499}