{"C_sparsity":0.8400902986802501,"_timestamp":1.739316995322954e+09,"_runtime":38.032239452,"_step":1999,"_wandb":{"runtime":38},"rec_error":0.7820186273933282,"rel_loss":0.0001307798480573135}