{"rec_error":0.6356348379242415,"rel_loss":0.0009813458583489583,"C_sparsity":0.5549804534792807,"_timestamp":1.7393160128454332e+09,"_runtime":74.8179478,"_step":1999,"_wandb":{"runtime":75}}