{"rel_loss":0.00041655134480208855,"C_sparsity":0.6782472794628387,"_timestamp":1.7393118287777853e+09,"_runtime":7.662735075,"_step":499,"_wandb":{"runtime":7},"rec_error":0.7981030541437145}