{"_timestamp":1.739311861017381e+09,"_runtime":4.376974282,"_step":499,"_wandb":{"runtime":4},"rec_error":0.6676651064647023,"rel_loss":0.0002344863094715966,"C_sparsity":0.7934374237618931}