{"_wandb":{"runtime":4},"_runtime":4.252949569,"_step":499,"rec_error":0.6666426910576501,"rel_loss":0.00019369308344583975,"C_sparsity":0.6840204928031227,"_timestamp":1.7393129218758156e+09}