{"rel_loss":0.00029109016920654795,"C_sparsity":0.9049882825577502,"_timestamp":1.7393118101428921e+09,"_runtime":3.900947048,"_wandb":{"runtime":3},"_step":499,"rec_error":0.7116289826145388}