{"iteration":499,"loss":229914.27128580905,"_timestamp":1.7392963005784354e+09,"_runtime":4.19092543,"_step":499,"_wandb":{"runtime":4}}