{"rel_loss":0.00046893862055757165,"C_sparsity":0.8665809355409098,"_timestamp":1.739316442181988e+09,"_wandb":{"runtime":30},"_runtime":30.889799497,"_step":1999,"rec_error":0.7096902708680228}