{"rel_loss":0.0004064120112575377,"C_sparsity":0.6457050243111832,"_timestamp":1.7393117564275692e+09,"_runtime":6.357711013,"_wandb":{"runtime":6},"_step":499,"rec_error":0.7950222719026642}