{"rec_error":0.6527577733002066,"_wandb":{"runtime":9},"rel_loss":0.0006662517987901487,"C_sparsity":0.5551546391752578,"_timestamp":1.7393128800060427e+09,"_runtime":9.472703389,"_step":499}