{"_step":499,"rec_error":0.6656230917670679,"rel_loss":0.0005109040444261905,"C_sparsity":0.5362639573483553,"_wandb":{"runtime":11},"_timestamp":1.7393116165697615e+09,"_runtime":11.634558668}