{"rel_loss":0.0005564582500730004,"C_sparsity":0.5813097273916106,"_timestamp":1.739313650114483e+09,"_runtime":12.371527316,"_step":499,"_wandb":{"runtime":12},"rec_error":0.6668421514675011}