{"_step":499,"_wandb":{"runtime":4},"rec_error":0.7108275060627923,"rel_loss":0.00029971204249067335,"C_sparsity":0.7358624054647476,"_timestamp":1.739312928132239e+09,"_runtime":4.314486406}