{"rel_loss":0.00025793269941900876,"C_sparsity":0.8093437423761893,"_timestamp":1.739313817875404e+09,"_runtime":4.40488292,"_step":499,"_wandb":{"runtime":4},"rec_error":0.7136693508450566}