{"_runtime":6.544017694,"_step":499,"rec_error":0.7982265473162308,"rel_loss":0.0003679375286275548,"C_sparsity":0.5998610789534615,"_wandb":{"runtime":6},"_timestamp":1.7393137776517403e+09}