{"C_sparsity":0.8040025719337727,"_timestamp":1.7393170758831365e+09,"_runtime":29.95028346,"_step":1999,"_wandb":{"runtime":30},"rec_error":0.709772540922385,"rel_loss":0.0002097480034046929}