{"_runtime":30.736942623,"_step":1999,"_wandb":{"runtime":30},"rec_error":0.7248056927203048,"rel_loss":0.00037427885383953203,"C_sparsity":0.8507956920109307,"_timestamp":1.7393171083168314e+09}