{"_wandb":{"runtime":3},"_step":499,"iteration":499,"loss":247172.7557238632,"_timestamp":1.7392963205404406e+09,"_runtime":3.693730087}