{"_step":499,"_wandb":{"runtime":3},"rec_error":0.6528061002020542,"rel_loss":0.00018254543991178297,"C_sparsity":0.6889186474723803,"_timestamp":1.739313901620739e+09,"_runtime":3.735503068}