{"_runtime":3.8300512700000002,"_step":499,"_wandb":{"runtime":3},"rec_error":0.7326225034366284,"rel_loss":0.0003953539069964931,"C_sparsity":0.9708068295949113,"_timestamp":1.739312954454674e+09}