{"C_sparsity":0.702778420930771,"_timestamp":1.7393137131452017e+09,"_wandb":{"runtime":7},"_runtime":7.100028353,"_step":499,"rec_error":0.800480284995076,"rel_loss":0.0004284343887397778}