{"C_sparsity":0.5117329405989199,"_timestamp":1.7393116590745513e+09,"_wandb":{"runtime":9},"_runtime":9.527651813,"_step":499,"rec_error":0.6518687053804296,"rel_loss":0.000551410570806551}