{"rec_error":0.6565400179931645,"rel_loss":0.0002545508877824127,"C_sparsity":0.7676933377971209,"_timestamp":1.739313832816188e+09,"_runtime":3.806252326,"_step":499,"_wandb":{"runtime":3}}