{"_timestamp":1.739313827271962e+09,"_runtime":3.833753036,"_step":499,"_wandb":{"runtime":3},"rec_error":0.6510916361988246,"rel_loss":0.00028568544470922256,"C_sparsity":0.5969869434214932}