{"rel_loss":0.0005905969510965385,"C_sparsity":0.3773686794305351,"_timestamp":1.73931164772727e+09,"_runtime":9.477222071,"_step":499,"_wandb":{"runtime":9},"rec_error":0.6146241233505425}