{"_timestamp":1.7392963097136648e+09,"_runtime":3.7018240909999998,"_step":499,"_wandb":{"runtime":3},"iteration":499,"loss":20572.446128897227}