{"_step":499,"_wandb":{"runtime":11},"rec_error":0.6517999101474482,"rel_loss":0.0007717831632497633,"C_sparsity":0.39975857559601646,"_timestamp":1.7393116030376046e+09,"_runtime":10.964936038}