{"rel_loss":0.0002835709154831879,"C_sparsity":0.7249085142717736,"_wandb":{"runtime":4},"_timestamp":1.739311789348682e+09,"_runtime":4.308070824,"_step":499,"rec_error":0.6659587466481455}