{"_runtime":7.609748358,"_wandb":{"runtime":7},"_step":499,"rec_error":0.7977305125693976,"rel_loss":0.0004665652570424105,"C_sparsity":0.5956818708034267,"_timestamp":1.73931289328552e+09}