{"_step":1999,"rec_error":0.7227119675252613,"rel_loss":0.00033802098154323224,"C_sparsity":0.7842629802282591,"_timestamp":1.7393171403998582e+09,"_runtime":30.411337753,"_wandb":{"runtime":30}}