{"iteration":499,"loss":387795.22550773434,"_wandb":{"runtime":8},"_timestamp":1.7392962269462686e+09,"_runtime":8.179885831,"_step":499}