{"_runtime":3.814526888,"_step":499,"rec_error":0.6521165738988118,"_wandb":{"runtime":3},"rel_loss":0.00018917662736119258,"C_sparsity":0.6413793103448275,"_timestamp":1.7393137541286323e+09}