{"_step":499,"rec_error":0.7076386131177594,"rel_loss":0.00022067701381300468,"C_sparsity":0.6198828982678701,"_wandb":{"runtime":4},"_timestamp":1.7393138805036602e+09,"_runtime":4.462717452}