{"_step":499,"rec_error":0.7996642694866333,"rel_loss":0.0005122227134043462,"C_sparsity":0.7286293123408196,"_timestamp":1.7393129026804125e+09,"_runtime":7.698075449,"_wandb":{"runtime":7}}