{"_runtime":4.294958544,"_step":499,"rec_error":0.6660801725720085,"rel_loss":0.00030606630394721643,"C_sparsity":0.7373749695047573,"_timestamp":1.739313886526757e+09,"_wandb":{"runtime":4}}