{"_step":499,"_wandb":{"runtime":9},"iteration":499,"loss":1.4818280805406037e+06,"_timestamp":1.739296249135634e+09,"_runtime":9.356201503}