{"iteration":499,"loss":701135.369744525,"_timestamp":1.7392962610355024e+09,"_wandb":{"runtime":6},"_runtime":6.223841371,"_step":499}