{"iteration":499,"loss":569413.7881569047,"_timestamp":1.7392964316736286e+09,"_runtime":6.235239717,"_step":499,"_wandb":{"runtime":6}}