{"rel_loss":0.000338607101572063,"C_sparsity":0.9050500121980971,"_timestamp":1.739313892454784e+09,"_runtime":4.246907193,"_step":499,"_wandb":{"runtime":4},"rec_error":0.7233247215668683}