{"_timestamp":1.7393169555868068e+09,"_runtime":42.102634225,"_step":1999,"rec_error":0.7793105640832361,"rel_loss":8.657029912864895e-05,"_wandb":{"runtime":42},"C_sparsity":0.7333757814308868}