{"C_sparsity":0.7797638342208845,"_timestamp":1.7393163739771855e+09,"_runtime":45.271313466,"_step":1999,"rec_error":0.7854498936483781,"_wandb":{"runtime":45},"rel_loss":0.00015469576914476575}