{"loss":888921.2578720228,"_timestamp":1.7392962702018166e+09,"_wandb":{"runtime":7},"_runtime":7.369173836,"_step":499,"iteration":499}