{"rel_loss":2.0557349506845055e-05,"C_sparsity":0.6302500578837693,"_timestamp":1.7393166140809216e+09,"_runtime":45.150919581,"_step":1999,"_wandb":{"runtime":45},"rec_error":0.7801603712475769}