{"_wandb":{"runtime":67},"_step":1999,"rec_error":0.6476760944568335,"rel_loss":0.000750862515217084,"C_sparsity":0.630613547269578,"_timestamp":1.7393162286781967e+09,"_runtime":67.745642287}