{"C_sparsity":0.4960466753847701,"_timestamp":1.7393128166156106e+09,"_runtime":11.046109842,"_step":499,"rec_error":0.6613794175910812,"_wandb":{"runtime":11},"rel_loss":0.0005421393948624498}