{"iteration":499,"loss":490851.95291906176,"_timestamp":1.7392961986794198e+09,"_runtime":10.487696205,"_step":499,"_wandb":{"runtime":10}}