{"_timestamp":1.7393116837462971e+09,"_runtime":7.789749637,"_step":499,"_wandb":{"runtime":7},"rec_error":0.793293637881087,"rel_loss":0.00034679801338169093,"C_sparsity":0.6478583005325307}