{"rel_loss":0.00030579648956580174,"C_sparsity":0.7944132715296414,"_wandb":{"runtime":4},"_timestamp":1.7393117240640028e+09,"_runtime":4.337895519,"_step":499,"rec_error":0.7151195577415169}