{"C_sparsity":0.8116577911553601,"_timestamp":1.739311845048104e+09,"_runtime":6.426439668,"_step":499,"rec_error":0.7995966719797682,"_wandb":{"runtime":6},"rel_loss":0.000491841802236223}