{"_step":1999,"rec_error":0.7141657089485165,"rel_loss":0.0005706153460068668,"C_sparsity":0.9023468895675937,"_timestamp":1.739316475426718e+09,"_runtime":31.521103718,"_wandb":{"runtime":31}}