{"_timestamp":1.739296133637511e+09,"_runtime":15.495329341,"_step":499,"iteration":499,"loss":592975.1953018315,"_wandb":{"runtime":15}}