{"iteration":4999,"_timestamp":1.7392957242314024e+09,"_runtime":156.718319909,"_step":4999,"_wandb":{"runtime":156}}