{"_step":499,"rec_error":0.7559056059663228,"rel_loss":0.0005581722138912578,"C_sparsity":0.5189702727551333,"_timestamp":1.739311584074752e+09,"_wandb":{"runtime":16},"_runtime":16.136841358}