{"_wandb":{"runtime":8},"rel_loss":0.0005030348311386974,"C_sparsity":0.6152465848576059,"_timestamp":1.739312968039258e+09,"_runtime":7.969402725,"_step":499,"rec_error":0.7947892027879809}