{"rel_loss":0.0003507280042310984,"C_sparsity":0.4940844378988709,"_timestamp":1.73931367896081e+09,"_runtime":9.618503685,"_step":499,"_wandb":{"runtime":9},"rec_error":0.6531484361381584}