{"rec_error":0.6580597362439329,"rel_loss":0.0005692867675699573,"C_sparsity":0.4181873051000905,"_timestamp":1.739313618510787e+09,"_runtime":12.756302144,"_step":499,"_wandb":{"runtime":12}}