{"_step":499,"_wandb":{"runtime":4},"iteration":499,"loss":1052.6902593692514,"_timestamp":1.7392963812568264e+09,"_runtime":4.19043738}