{"C_sparsity":0.8708550413729697,"_timestamp":1.739319457708083e+09,"_runtime":222.718171211,"_step":1999,"_wandb":{"runtime":222},"rec_error":0.6467175319679859,"rel_loss":0.0002181602559008059}