{"rel_loss":0.0002513447377600601,"C_sparsity":0.5344644253322908,"_wandb":{"runtime":74},"_timestamp":1.7393159361770532e+09,"_runtime":74.041398509,"_step":1999,"rec_error":0.6449175490089815}