{"C_sparsity":0.6259457649815869,"_timestamp":1.7393118045835567e+09,"_runtime":3.876484851,"_step":499,"rec_error":0.6516491403423829,"rel_loss":0.00018821105469594016,"_wandb":{"runtime":3}}