{"rel_loss":0.00048093754165125154,"C_sparsity":0.4994467357408712,"_timestamp":1.7393136360246332e+09,"_runtime":15.735264245,"_step":499,"rec_error":0.6632629955651598,"_wandb":{"runtime":15}}