{"_step":1999,"rec_error":0.6912630746064992,"rel_loss":0.00017565789242739537,"C_sparsity":0.7183434384955297,"_wandb":{"runtime":26},"_timestamp":1.7393168408709998e+09,"_runtime":26.725442972}