{"_runtime":26.486153404,"_step":1999,"rec_error":0.6969722939268995,"_wandb":{"runtime":26},"rel_loss":0.00018238738363953434,"C_sparsity":0.8147158565409516,"_timestamp":1.7393165634854357e+09}