{"rec_error":0.6564076904871389,"rel_loss":0.0005715022629913808,"C_sparsity":0.5391752577319588,"_timestamp":1.7393116703300726e+09,"_runtime":9.441235768,"_wandb":{"runtime":9},"_step":499}