{"_runtime":20.74037773,"_step":499,"_wandb":{"runtime":20},"rec_error":0.757055155905193,"rel_loss":0.0004659192997426812,"C_sparsity":0.6040576156910819,"_timestamp":1.7393127976912003e+09}