{"_timestamp":1.7392964014890008e+09,"_runtime":3.763209395,"_step":499,"iteration":499,"loss":765.4328346304183,"_wandb":{"runtime":3}}