{"_timestamp":1.7393127752099142e+09,"_runtime":21.003535736,"_step":499,"_wandb":{"runtime":21},"rec_error":0.737189676277795,"rel_loss":0.0005871910418250467,"C_sparsity":0.5441005209929513}