{"rec_error":0.6951463519681091,"rel_loss":9.938037232781571e-05,"C_sparsity":0.7082108724694276,"_wandb":{"runtime":26},"_timestamp":1.7393165073164282e+09,"_runtime":26.313220174,"_step":1999}