{"_runtime":4.195164277,"_step":499,"iteration":499,"loss":280799.2520001818,"_timestamp":1.739296360423234e+09,"_wandb":{"runtime":4}}