{"rel_loss":0.0005849337082525636,"C_sparsity":0.6017039534171008,"_timestamp":1.7393135977184744e+09,"_runtime":21.438928141,"_step":499,"_wandb":{"runtime":21},"rec_error":0.7541853903230018}