{"_wandb":{"runtime":29},"_runtime":29.894542275,"_step":1999,"rec_error":0.7172432949453859,"rel_loss":0.0002072088071528007,"C_sparsity":0.7902909500080373,"_timestamp":1.7393164095214286e+09}