{"iteration":499,"loss":994662.3967061217,"_wandb":{"runtime":9},"_timestamp":1.739296238023982e+09,"_runtime":9.333289054,"_step":499}