{"C_sparsity":0.7333063209076175,"_timestamp":1.7393166606815038e+09,"_runtime":44.903557381,"_step":1999,"_wandb":{"runtime":45},"rec_error":0.7905557646306025,"rel_loss":0.00016229076351443686}