{"_runtime":6.746473697,"_step":499,"rec_error":0.8005256963618331,"_wandb":{"runtime":6},"rel_loss":0.00039189332981774704,"C_sparsity":0.7108705718916416,"_timestamp":1.7393116922940156e+09}