{"_wandb":{"runtime":4},"_step":499,"iteration":499,"loss":265067.9692643536,"_timestamp":1.7392964414712942e+09,"_runtime":4.155549204}