{"_timestamp":1.739316808762231e+09,"_runtime":30.512029537,"_step":1999,"_wandb":{"runtime":30},"rec_error":0.7259667329633409,"rel_loss":0.0001621222178047698,"C_sparsity":0.860842308310561}