{"rel_loss":0.00022545541711742974,"C_sparsity":0.7829470602585997,"_wandb":{"runtime":4},"_timestamp":1.7393137384792447e+09,"_runtime":4.668915307,"_step":499,"rec_error":0.6841575177977708}