{"C_sparsity":0.8339083121092845,"_timestamp":1.7393163268222e+09,"_runtime":45.330886031,"_step":1999,"_wandb":{"runtime":45},"rec_error":0.782959861726468,"rel_loss":0.00012609242349610308}