{"_wandb":{"runtime":6},"rec_error":0.8027337055644662,"rel_loss":0.0003748160079428121,"C_sparsity":0.8371150729335495,"_timestamp":1.739313785855348e+09,"_runtime":6.534981145,"_step":499}