{"_wandb":{"runtime":15},"iteration":499,"loss":813859.101765924,"_timestamp":1.7392961510098946e+09,"_runtime":15.624575953,"_step":499}