{"rel_loss":0.0001818536467034457,"C_sparsity":0.8582658022690437,"_timestamp":1.739316707687614e+09,"_runtime":45.031512071,"_step":1999,"_wandb":{"runtime":45},"rec_error":0.7848696210882975}