{"rec_error":0.8040389094488529,"rel_loss":0.0004682387359151125,"C_sparsity":0.8562977541097476,"_timestamp":1.739311773582043e+09,"_runtime":7.154453637,"_step":499,"_wandb":{"runtime":7}}