{"_step":499,"_wandb":{"runtime":10},"iteration":499,"loss":365935.6142035478,"_timestamp":1.7392961862788599e+09,"_runtime":10.502668229}