{"_runtime":7.328937103,"_step":499,"iteration":499,"_wandb":{"runtime":7},"loss":869566.3829907568,"_timestamp":1.7392963422015152e+09}