{"_runtime":3.748594807,"_step":499,"iteration":499,"loss":144005.53088692587,"_timestamp":1.7392963904994702e+09,"_wandb":{"runtime":3}}