{"C_sparsity":0.41440844378988706,"_timestamp":1.7393136674440565e+09,"_runtime":9.483266136,"_step":499,"_wandb":{"runtime":9},"rec_error":0.6129887398220165,"rel_loss":0.0003921780560942401}