{"C_sparsity":0.7635332252836304,"_timestamp":1.7393118369273434e+09,"_wandb":{"runtime":6},"_runtime":6.47596119,"_step":499,"rec_error":0.7990743723321182,"rel_loss":0.0004995324848731611}