{"_runtime":4.18094665,"_step":499,"iteration":499,"_wandb":{"runtime":4},"loss":363509.89473072253,"_timestamp":1.739296294669908e+09}