{"rel_loss":0.0003997633341927071,"C_sparsity":0.7982403334105117,"_timestamp":1.7393138610853145e+09,"_runtime":8.257820747,"_step":499,"rec_error":0.8012331419657949,"_wandb":{"runtime":8}}