{"rec_error":0.7204254097799433,"_wandb":{"runtime":4},"rel_loss":0.00037359344489835207,"C_sparsity":0.9190290314710905,"_timestamp":1.7393137448658314e+09,"_runtime":4.634099529,"_step":499}