{"_step":1999,"rec_error":0.6831693075038879,"rel_loss":0.00042108520374026926,"_wandb":{"runtime":26},"C_sparsity":0.8816565615044702,"_timestamp":1.739316535321863e+09,"_runtime":26.203299412}