{"rec_error":0.6742772107982885,"rel_loss":0.00019328329784281138,"C_sparsity":0.8174087713424841,"_timestamp":1.7393138386558604e+09,"_wandb":{"runtime":4},"_runtime":4.144781721,"_step":499}