{"_wandb":{"runtime":29},"rec_error":0.706696433971634,"rel_loss":0.00023031010105697817,"C_sparsity":0.7672239189840862,"_timestamp":1.739316742951283e+09,"_runtime":29.72583014,"_step":1999}