{"rel_loss":0.000442398823680454,"C_sparsity":0.5329328838492184,"_wandb":{"runtime":15},"_timestamp":1.7393115659690876e+09,"_runtime":15.504059644,"_step":499,"rec_error":0.7474182611042536}