{"_wandb":{"runtime":4},"iteration":499,"loss":423601.1581157151,"_timestamp":1.7392963753608627e+09,"_runtime":4.132988501,"_step":499}