{"rec_error":0.7080290145124242,"rel_loss":0.0003106334592680547,"C_sparsity":0.918111817877469,"_timestamp":1.7393137598363967e+09,"_runtime":3.826341641,"_step":499,"_wandb":{"runtime":3}}