{"_step":499,"iteration":499,"_wandb":{"runtime":15},"loss":2.12541882980811e+06,"_timestamp":1.7392961680461733e+09,"_runtime":15.28681169}