{"_runtime":7.225418838,"_step":499,"iteration":499,"_wandb":{"runtime":7},"loss":615077.1912536187,"_timestamp":1.7392964142499192e+09}