{"C_sparsity":0.884151423940727,"_timestamp":1.7393137213654146e+09,"_runtime":6.518904604,"_step":499,"_wandb":{"runtime":6},"rec_error":0.8075716883998234,"rel_loss":0.0003697786977677258}