{"_timestamp":1.7393136908013728e+09,"_runtime":10.054429567,"_step":499,"rec_error":0.6474459755109603,"_wandb":{"runtime":10},"rel_loss":0.0005671890482039954,"C_sparsity":0.557093765341188}