{"rel_loss":0.00022109217184350998,"_wandb":{"runtime":4},"C_sparsity":0.6990241522322518,"_timestamp":1.7393117833679428e+09,"_runtime":4.240782594,"_step":499,"rec_error":0.6648348909617778}