{"rel_loss":5.309851388261177e-05,"C_sparsity":0.7934707108126882,"_timestamp":1.739316279507305e+09,"_runtime":45.044930246,"_step":1999,"_wandb":{"runtime":45},"rec_error":0.7788778932763222}