{"rel_loss":0.0005428305352511271,"C_sparsity":0.4558749616916947,"_timestamp":1.7393135500608153e+09,"_runtime":19.690960665,"_step":499,"_wandb":{"runtime":19},"rec_error":0.7398980158901117}