{"_runtime":10.975509212,"_step":499,"rec_error":0.6623545552528243,"_wandb":{"runtime":11},"rel_loss":0.00042900503370074184,"C_sparsity":0.46627099889347146,"_timestamp":1.7393128293659232e+09}