{"iteration":499,"loss":358199.26534155034,"_timestamp":1.7392964731627548e+09,"_runtime":3.7907104240000002,"_step":499,"_wandb":{"runtime":3}}