{"_timestamp":1.739311764752169e+09,"_runtime":6.633961753,"_step":499,"rec_error":0.8003983161223035,"rel_loss":0.0004242841148201529,"_wandb":{"runtime":6},"C_sparsity":0.7049316971521186}