{"_step":499,"rec_error":0.6673195807026533,"rel_loss":0.0001858849653829077,"C_sparsity":0.724542571358868,"_timestamp":1.7393118549268682e+09,"_runtime":4.312058094,"_wandb":{"runtime":4}}