{"_wandb":{"runtime":229},"C_sparsity":0.7621115537848606,"_timestamp":1.7393189996908152e+09,"_runtime":229.371067663,"_step":1999,"rec_error":0.645834730223312,"rel_loss":0.0002486254776186272}