{"_wandb":{"runtime":144},"_step":4999,"iteration":4999,"_timestamp":1.73929556544602e+09,"_runtime":144.736227226}