{"_wandb":{"runtime":135},"iteration":4142,"_timestamp":1.7392958616287332e+09,"_runtime":135.296104489,"_step":4142}