{"rec_error":0.7152202728798883,"rel_loss":0.000316600629277835,"C_sparsity":0.8906595246066287,"_timestamp":1.7393118156380496e+09,"_runtime":3.733309788,"_step":499,"_wandb":{"runtime":3}}