{"_step":499,"_wandb":{"runtime":3},"iteration":499,"loss":241330.43056618527,"_timestamp":1.7392964676588101e+09,"_runtime":3.762936733}