{"rec_error":0.6731764878357717,"rel_loss":0.000550943813096961,"C_sparsity":0.5710456741726684,"_timestamp":1.739316159143056e+09,"_runtime":68.516209039,"_step":1999,"_wandb":{"runtime":68}}