{"rec_error":0.7294685775728591,"rel_loss":0.008507263322481452,"C_sparsity":1,"_timestamp":1.7393118646277137e+09,"_runtime":1.8430143289999998,"_step":181,"_wandb":{"runtime":1}}